Page Name,Category,URL
Home,Main,https://gajna.vercel.app/
Products,Main,https://gajna.vercel.app/products
Registrations & Certificates,Main,https://gajna.vercel.app/certificates
Blogs,Main,https://gajna.vercel.app/blog
Trade Enquiry,Main,https://gajna.vercel.app/trade-enquiry
About Us,Main,https://gajna.vercel.app/about
Become a Supplier,Main,https://gajna.vercel.app/become-supplier
Contact Us,Main,https://gajna.vercel.app/contact
Arabica,Coffee Type,https://gajna.vercel.app/arabica
Robusta,Coffee Type,https://gajna.vercel.app/robusta
Registrations,Certificates,https://gajna.vercel.app/registrations
Plantation PB,Commercial Grade - Arabica,https://gajna.vercel.app/products/plantation-pb
Plantation A,Commercial Grade - Arabica,https://gajna.vercel.app/products/plantation-a
Plantation B,Commercial Grade - Arabica,https://gajna.vercel.app/products/plantation-b
Plantation C,Commercial Grade - Arabica,https://gajna.vercel.app/products/plantation-c
Plantation AA,Commercial Grade - Arabica,https://gajna.vercel.app/products/plantation-aa
Plantation PB Bold,Commercial Grade - Arabica,https://gajna.vercel.app/products/plantation-pb-bold
Plantation Blacks,Commercial Grade - Arabica,https://gajna.vercel.app/products/plantation-blacks
Plantation Bits,Commercial Grade - Arabica,https://gajna.vercel.app/products/plantation-bits
Plantation Bulk,Commercial Grade - Arabica,https://gajna.vercel.app/products/plantation-bulk
Arabica Cherry AA,Commercial Grade - Arabica,https://gajna.vercel.app/products/arabica-cherry-aa
Arabica Cherry A,Commercial Grade - Arabica,https://gajna.vercel.app/products/arabica-cherry-a
Arabica Cherry PB,Commercial Grade - Arabica,https://gajna.vercel.app/products/arabica-cherry-pb
Arabica Cherry PB Bold,Commercial Grade - Arabica,https://gajna.vercel.app/products/arabica-cherry-pb-bold
Arabica Cherry AB,Commercial Grade - Arabica,https://gajna.vercel.app/products/arabica-cherry-ab
Arabica Cherry C,Commercial Grade - Arabica,https://gajna.vercel.app/products/arabica-cherry-c
Arabica Cherry Blacks/Browns,Commercial Grade - Arabica,https://gajna.vercel.app/products/arabica-cherry-blacks-browns
Arabica Cherry Bits,Commercial Grade - Arabica,https://gajna.vercel.app/products/arabica-cherry-bits
Arabica Cherry Bulk,Commercial Grade - Arabica,https://gajna.vercel.app/products/arabica-cherry-bulk
Mysore Nuggets Extra bold- Washed,Specialty Grade - Arabica,https://gajna.vercel.app/products/mysore-nuggets-extra-bold
Monsooned Malabar AAA - Unwashed,Specialty Grade - Arabica,https://gajna.vercel.app/products/monsooned-malabar-aaa
Monsooned Malabar AA - unwashed,Specialty Grade - Arabica,https://gajna.vercel.app/products/monsooned-malabar-aa
Monsooned Malabar arabica Triage - Unwashed,Specialty Grade - Arabica,https://gajna.vercel.app/products/monsooned-malabar-arabica-triage
Robusta Parchment A,Commercial Grade - Robusta,https://gajna.vercel.app/products/robusta-parchment-a
Robusta Parchment PB,Commercial Grade - Robusta,https://gajna.vercel.app/products/robusta-parchment-pb
Robusta Parchment AB,Commercial Grade - Robusta,https://gajna.vercel.app/products/robusta-parchment-ab
Robusta Parchment C,Commercial Grade - Robusta,https://gajna.vercel.app/products/robusta-parchment-c
Robusta Parchment PB Bold,Commercial Grade - Robusta,https://gajna.vercel.app/products/robusta-parchment-pb-bold
Robusta Parchment Blacks/Browns,Commercial Grade - Robusta,https://gajna.vercel.app/products/robusta-parchment-blacks-browns
Robusta Parchment Bits,Commercial Grade - Robusta,https://gajna.vercel.app/products/robusta-parchment-bits
Robusta Cherry AA,Commercial Grade - Robusta,https://gajna.vercel.app/products/robusta-cherry-aa
Robusta Cherry A,Commercial Grade - Robusta,https://gajna.vercel.app/products/robusta-cherry-a
Robusta Cherry PB,Commercial Grade - Robusta,https://gajna.vercel.app/products/robusta-cherry-pb
Robusta Cherry PB Bold,Commercial Grade - Robusta,https://gajna.vercel.app/products/robusta-cherry-pb-bold
Robusta Cherry Blacks/Browns,Commercial Grade - Robusta,https://gajna.vercel.app/products/robusta-cherry-blacks-browns
Robusta Kaapi Royale- Washed Coffee,Specialty Grade - Robusta,https://gajna.vercel.app/products/robusta-kaapi-royale
Monsooned Malabar Robusta PR - Unwashed,Specialty Grade - Robusta,https://gajna.vercel.app/products/monsooned-malabar-robusta-pr
Monsooned Malabar Robusta Triage - Unwashed,Specialty Grade - Robusta,https://gajna.vercel.app/products/monsooned-malabar-robusta-triage
Liberia Bulk,Other Coffee Types,https://gajna.vercel.app/products/liberia-bulk
Excelsia Bulk,Other Coffee Types,https://gajna.vercel.app/products/excelsia-bulk
Coffee Plantations in India,Blog,https://gajna.vercel.app/blog/coffee-plantations-in-india
GI Tagged Coffees of India,Blog,https://gajna.vercel.app/blog/gi-tagged-coffees-of-india
Intercropping in Coffee Farming,Blog,https://gajna.vercel.app/blog/intercropping-in-coffee-farming